--
-- PostgreSQL database dump
--

-- Dumped from database version 16.1
-- Dumped by pg_dump version 16.3 (Ubuntu 16.3-1.pgdg22.04+1)

-- Started on 2024-07-16 15:46:29 -03

SET statement_timeout = 0;
SET lock_timeout = 0;
SET idle_in_transaction_session_timeout = 0;
SET client_encoding = 'UTF8';
SET standard_conforming_strings = on;
SELECT pg_catalog.set_config('search_path', '', false);
SET check_function_bodies = false;
SET xmloption = content;
SET client_min_messages = warning;
SET row_security = off;

SET default_tablespace = '';

SET default_table_access_method = heap;

--
-- TOC entry 219 (class 1259 OID 16562)
-- Name: Approvals; Type: TABLE; Schema: public; Owner: postgres
--

CREATE TABLE public."Approvals" (
    id integer NOT NULL,
    order_id integer NOT NULL,
    created_at timestamp(3) without time zone DEFAULT CURRENT_TIMESTAMP NOT NULL,
    updated_at timestamp(3) without time zone NOT NULL,
    approved boolean DEFAULT false NOT NULL,
    succession integer NOT NULL,
    approver_id text NOT NULL,
    approved_at timestamp(3) without time zone NOT NULL
);


ALTER TABLE public."Approvals" OWNER TO postgres;

--
-- TOC entry 218 (class 1259 OID 16561)
-- Name: Approvals_id_seq; Type: SEQUENCE; Schema: public; Owner: postgres
--

CREATE SEQUENCE public."Approvals_id_seq"
    AS integer
    START WITH 1
    INCREMENT BY 1
    NO MINVALUE
    NO MAXVALUE
    CACHE 1;


ALTER SEQUENCE public."Approvals_id_seq" OWNER TO postgres;

--
-- TOC entry 4317 (class 0 OID 0)
-- Dependencies: 218
-- Name: Approvals_id_seq; Type: SEQUENCE OWNED BY; Schema: public; Owner: postgres
--

ALTER SEQUENCE public."Approvals_id_seq" OWNED BY public."Approvals".id;


--
-- TOC entry 217 (class 1259 OID 16554)
-- Name: Orders; Type: TABLE; Schema: public; Owner: postgres
--

CREATE TABLE public."Orders" (
    id integer NOT NULL,
    home_order_id text NOT NULL,
    created_at timestamp(3) without time zone DEFAULT CURRENT_TIMESTAMP NOT NULL,
    updated_at timestamp(3) without time zone NOT NULL
);


ALTER TABLE public."Orders" OWNER TO postgres;

--
-- TOC entry 216 (class 1259 OID 16553)
-- Name: Orders_id_seq; Type: SEQUENCE; Schema: public; Owner: postgres
--

CREATE SEQUENCE public."Orders_id_seq"
    AS integer
    START WITH 1
    INCREMENT BY 1
    NO MINVALUE
    NO MAXVALUE
    CACHE 1;


ALTER SEQUENCE public."Orders_id_seq" OWNER TO postgres;

--
-- TOC entry 4318 (class 0 OID 0)
-- Dependencies: 216
-- Name: Orders_id_seq; Type: SEQUENCE OWNED BY; Schema: public; Owner: postgres
--

ALTER SEQUENCE public."Orders_id_seq" OWNED BY public."Orders".id;


--
-- TOC entry 215 (class 1259 OID 16523)
-- Name: _prisma_migrations; Type: TABLE; Schema: public; Owner: postgres
--

CREATE TABLE public._prisma_migrations (
    id character varying(36) NOT NULL,
    checksum character varying(64) NOT NULL,
    finished_at timestamp with time zone,
    migration_name character varying(255) NOT NULL,
    logs text,
    rolled_back_at timestamp with time zone,
    started_at timestamp with time zone DEFAULT now() NOT NULL,
    applied_steps_count integer DEFAULT 0 NOT NULL
);


ALTER TABLE public._prisma_migrations OWNER TO postgres;

--
-- TOC entry 4153 (class 2604 OID 16565)
-- Name: Approvals id; Type: DEFAULT; Schema: public; Owner: postgres
--

ALTER TABLE ONLY public."Approvals" ALTER COLUMN id SET DEFAULT nextval('public."Approvals_id_seq"'::regclass);


--
-- TOC entry 4151 (class 2604 OID 16557)
-- Name: Orders id; Type: DEFAULT; Schema: public; Owner: postgres
--

ALTER TABLE ONLY public."Orders" ALTER COLUMN id SET DEFAULT nextval('public."Orders_id_seq"'::regclass);


--
-- TOC entry 4311 (class 0 OID 16562)
-- Dependencies: 219
-- Data for Name: Approvals; Type: TABLE DATA; Schema: public; Owner: postgres
--

COPY public."Approvals" (id, order_id, created_at, updated_at, approved, succession, approver_id, approved_at) FROM stdin;
200	79	2024-01-12 14:05:13.04	2024-01-18 18:47:20.374	t	2	789012	2024-01-18 18:47:20.374
230	89	2024-01-18 14:58:25.872	2024-01-18 18:47:27.578	t	2	789012	2024-01-18 18:47:27.578
203	80	2024-01-12 14:10:42.38	2024-01-12 14:10:42.38	f	2	789012	2024-01-12 14:10:42.38
204	80	2024-01-12 14:10:42.38	2024-01-12 14:10:42.38	f	3	124152364	2024-01-12 14:10:42.38
207	81	2024-01-12 14:12:25.928	2024-01-12 14:12:25.928	f	3	124152364	2024-01-12 14:12:25.928
209	82	2024-01-12 14:13:39.742	2024-01-12 14:13:39.742	f	2	789012	2024-01-12 14:13:39.742
210	82	2024-01-12 14:13:39.742	2024-01-12 14:13:39.742	f	3	124152364	2024-01-12 14:13:39.742
217	85	2024-01-16 21:39:53.817	2024-01-16 21:41:50.367	t	1	1000000	2024-01-16 21:41:50.367
214	84	2024-01-16 20:10:28.071	2024-01-16 21:41:53.562	t	1	1000000	2024-01-16 21:41:53.562
218	85	2024-01-16 21:39:53.817	2024-01-16 21:42:18.599	t	2	789012	2024-01-16 21:42:18.599
215	84	2024-01-16 20:10:28.071	2024-01-16 21:42:22.368	t	2	789012	2024-01-16 21:42:22.368
216	84	2024-01-16 20:10:28.071	2024-01-16 21:42:45.757	t	3	124152364	2024-01-16 21:42:45.757
219	85	2024-01-16 21:39:53.817	2024-01-16 21:42:49.669	t	3	124152364	2024-01-16 21:42:49.669
199	79	2024-01-12 14:05:13.04	2024-01-12 14:05:13.04	t	1	1000000	2024-01-12 14:05:13.04
202	80	2024-01-12 14:10:42.38	2024-01-12 14:10:42.38	t	1	1000000	2024-01-12 14:10:42.38
205	81	2024-01-12 14:12:25.928	2024-01-12 14:12:25.928	t	1	1000000	2024-01-12 14:12:25.928
206	81	2024-01-12 14:12:25.928	2024-01-12 14:12:25.928	t	2	789012	2024-01-12 14:12:25.928
221	86	2024-01-17 19:05:38.105	2024-01-17 19:05:38.105	f	2	789012	2024-01-17 19:05:38.105
222	86	2024-01-17 19:05:38.105	2024-01-17 19:05:38.105	f	3	124152364	2024-01-17 19:05:38.105
220	86	2024-01-17 19:05:38.105	2024-01-17 19:05:38.105	t	1	1000000	2024-01-17 19:05:38.105
236	91	2024-01-18 18:37:36.07	2024-01-18 18:47:40.743	t	2	789012	2024-01-18 18:47:40.743
201	79	2024-01-12 14:05:13.04	2024-01-18 18:48:11.536	t	3	124152364	2024-01-18 18:48:11.536
213	83	2024-01-15 13:26:52.657	2024-01-18 18:48:12.026	t	3	124152364	2024-01-18 18:48:12.026
232	90	2024-01-18 17:16:27.888	2024-01-18 17:17:37.662	t	1	1000000	2024-01-18 17:17:37.662
233	90	2024-01-18 17:16:27.888	2024-01-18 17:20:29.37	t	2	789012	2024-01-18 17:20:29.37
234	90	2024-01-18 17:16:27.888	2024-01-18 17:20:56.838	t	3	124152364	2024-01-18 17:20:56.838
225	87	2024-01-18 13:44:47.504	2024-01-18 18:48:12.377	t	3	124152364	2024-01-18 18:48:12.377
228	88	2024-01-18 13:55:31.275	2024-01-18 18:48:12.655	t	3	124152364	2024-01-18 18:48:12.655
231	89	2024-01-18 14:58:25.872	2024-01-18 18:48:12.996	t	3	124152364	2024-01-18 18:48:12.996
237	91	2024-01-18 18:37:36.07	2024-01-18 18:48:27.558	t	3	124152364	2024-01-18 18:48:27.558
238	92	2024-01-18 19:27:08.932	2024-01-18 19:30:12.926	t	1	1000000	2024-01-18 19:30:12.926
239	92	2024-01-18 19:27:08.932	2024-01-18 19:31:53.442	t	2	789012	2024-01-18 19:31:53.442
240	92	2024-01-18 19:27:08.932	2024-01-18 19:35:22.712	t	3	124152364	2024-01-18 19:35:22.712
211	83	2024-01-15 13:26:52.657	2024-01-18 18:42:36.137	t	1	1000000	2024-01-18 18:42:36.137
223	87	2024-01-18 13:44:47.504	2024-01-18 18:42:36.746	t	1	1000000	2024-01-18 18:42:36.746
226	88	2024-01-18 13:55:31.275	2024-01-18 18:42:37.197	t	1	1000000	2024-01-18 18:42:37.197
229	89	2024-01-18 14:58:25.872	2024-01-18 18:42:58.54	t	1	1000000	2024-01-18 18:42:58.54
235	91	2024-01-18 18:37:36.07	2024-01-18 18:44:29.157	t	1	1000000	2024-01-18 18:44:29.157
212	83	2024-01-15 13:26:52.657	2024-01-18 18:46:10.488	t	2	789012	2024-01-18 18:46:10.488
224	87	2024-01-18 13:44:47.504	2024-01-18 18:46:10.993	t	2	789012	2024-01-18 18:46:10.993
227	88	2024-01-18 13:55:31.275	2024-01-18 18:46:11.432	t	2	789012	2024-01-18 18:46:11.432
247	95	2024-01-18 20:00:51.134	2024-01-18 20:05:07.988	t	1	1000000	2024-01-18 20:05:07.988
248	95	2024-01-18 20:00:51.134	2024-01-18 20:05:48.258	t	2	789012	2024-01-18 20:05:48.258
249	95	2024-01-18 20:00:51.134	2024-01-18 20:06:15.209	t	3	124152364	2024-01-18 20:06:15.209
241	93	2024-01-18 19:36:34.302	2024-01-18 20:20:06.229	t	1	1000000	2024-01-18 20:20:06.229
244	94	2024-01-18 19:37:05.889	2024-01-18 20:20:06.734	t	1	1000000	2024-01-18 20:20:06.734
250	96	2024-01-18 20:10:34.219	2024-01-18 20:20:07.204	t	1	1000000	2024-01-18 20:20:07.204
242	93	2024-01-18 19:36:34.302	2024-01-18 20:20:29.498	t	2	789012	2024-01-18 20:20:29.498
245	94	2024-01-18 19:37:05.889	2024-01-18 20:20:30.248	t	2	789012	2024-01-18 20:20:30.248
251	96	2024-01-18 20:10:34.219	2024-01-18 20:20:30.695	t	2	789012	2024-01-18 20:20:30.695
243	93	2024-01-18 19:36:34.302	2024-01-18 20:20:49.799	t	3	124152364	2024-01-18 20:20:49.799
246	94	2024-01-18 19:37:05.889	2024-01-18 20:20:50.243	t	3	124152364	2024-01-18 20:20:50.243
252	96	2024-01-18 20:10:34.219	2024-01-18 20:20:50.531	t	3	124152364	2024-01-18 20:20:50.531
274	104	2024-01-19 11:20:01.934	2024-01-19 11:21:44.134	t	1	1000000	2024-01-19 11:21:44.134
275	104	2024-01-19 11:20:01.934	2024-01-19 11:24:08.214	t	2	789012	2024-01-19 11:24:08.214
276	104	2024-01-19 11:20:01.934	2024-01-19 11:25:01.187	t	3	124152364	2024-01-19 11:25:01.187
208	82	2024-01-12 14:13:39.742	2024-01-18 20:57:21.938	t	1	1000000	2024-01-18 20:57:21.938
253	97	2024-01-18 21:02:01.454	2024-01-18 21:02:01.454	f	1	1000000	2024-01-18 21:02:01.454
254	97	2024-01-18 21:02:01.454	2024-01-18 21:02:01.454	f	2	789012	2024-01-18 21:02:01.454
255	97	2024-01-18 21:02:01.454	2024-01-18 21:02:01.454	f	3	124152364	2024-01-18 21:02:01.454
256	98	2024-01-18 21:02:40.17	2024-01-18 21:02:40.17	f	1	1000000	2024-01-18 21:02:40.17
257	98	2024-01-18 21:02:40.17	2024-01-18 21:02:40.17	f	2	789012	2024-01-18 21:02:40.17
258	98	2024-01-18 21:02:40.17	2024-01-18 21:02:40.17	f	3	124152364	2024-01-18 21:02:40.17
259	99	2024-01-18 21:22:05.218	2024-01-18 21:22:05.218	f	1	1000000	2024-01-18 21:22:05.218
260	99	2024-01-18 21:22:05.218	2024-01-18 21:22:05.218	f	2	789012	2024-01-18 21:22:05.218
261	99	2024-01-18 21:22:05.218	2024-01-18 21:22:05.218	f	3	124152364	2024-01-18 21:22:05.218
268	102	2024-01-19 00:17:07.459	2024-01-19 12:29:39.655	t	1	1000000	2024-01-19 12:29:39.655
277	105	2024-01-19 12:14:56.975	2024-01-19 12:29:40.094	t	1	1000000	2024-01-19 12:29:40.094
280	106	2024-01-19 12:15:39.31	2024-01-19 12:29:40.56	t	1	1000000	2024-01-19 12:29:40.56
262	100	2024-01-18 23:56:38.242	2024-01-19 13:39:34.804	t	1	1000000	2024-01-19 13:39:34.804
283	107	2024-01-19 12:20:27.281	2024-01-19 13:39:35.395	t	1	1000000	2024-01-19 13:39:35.395
286	108	2024-01-19 12:20:49.216	2024-01-19 13:39:35.792	t	1	1000000	2024-01-19 13:39:35.792
289	109	2024-01-19 12:25:10.508	2024-01-19 13:41:07.667	t	1	1000000	2024-01-19 13:41:07.667
263	100	2024-01-18 23:56:38.242	2024-01-19 13:42:21.647	t	2	789012	2024-01-19 13:42:21.647
266	101	2024-01-19 00:06:00.713	2024-01-19 13:42:22.149	t	2	789012	2024-01-19 13:42:22.149
269	102	2024-01-19 00:17:07.459	2024-01-19 13:42:22.595	t	2	789012	2024-01-19 13:42:22.595
278	105	2024-01-19 12:14:56.975	2024-01-19 13:42:22.998	t	2	789012	2024-01-19 13:42:22.998
281	106	2024-01-19 12:15:39.31	2024-01-19 13:42:23.433	t	2	789012	2024-01-19 13:42:23.433
287	108	2024-01-19 12:20:49.216	2024-01-19 13:42:24.366	t	2	789012	2024-01-19 13:42:24.366
290	109	2024-01-19 12:25:10.508	2024-01-19 13:42:24.831	t	2	789012	2024-01-19 13:42:24.831
264	100	2024-01-18 23:56:38.242	2024-01-19 13:43:36.303	t	3	124152364	2024-01-19 13:43:36.303
292	110	2024-01-19 12:25:56.616	2024-01-19 14:09:03.305	t	1	1000000	2024-01-19 14:09:03.305
267	101	2024-01-19 00:06:00.713	2024-01-19 14:17:25.073	t	3	124152364	2024-01-19 14:17:25.073
270	102	2024-01-19 00:17:07.459	2024-01-19 14:17:25.579	t	3	124152364	2024-01-19 14:17:25.579
279	105	2024-01-19 12:14:56.975	2024-01-19 14:17:25.975	t	3	124152364	2024-01-19 14:17:25.975
282	106	2024-01-19 12:15:39.31	2024-01-19 14:17:26.398	t	3	124152364	2024-01-19 14:17:26.398
285	107	2024-01-19 12:20:27.281	2024-01-19 14:17:26.744	t	3	124152364	2024-01-19 14:17:26.744
288	108	2024-01-19 12:20:49.216	2024-01-19 14:17:27.109	t	3	124152364	2024-01-19 14:17:27.109
291	109	2024-01-19 12:25:10.508	2024-01-19 14:17:27.438	t	3	124152364	2024-01-19 14:17:27.438
265	101	2024-01-19 00:06:00.713	2024-01-19 12:29:39.131	t	1	1000000	2024-01-19 12:29:39.131
295	111	2024-01-19 12:36:58.428	2024-01-19 12:36:58.428	f	1	1000000	2024-01-19 12:36:58.428
296	111	2024-01-19 12:36:58.428	2024-01-19 12:36:58.428	f	2	789012	2024-01-19 12:36:58.428
297	111	2024-01-19 12:36:58.428	2024-01-19 12:36:58.428	f	3	124152364	2024-01-19 12:36:58.428
298	112	2024-01-19 12:37:48.704	2024-01-19 12:37:48.704	f	1	1000000	2024-01-19 12:37:48.704
299	112	2024-01-19 12:37:48.704	2024-01-19 12:37:48.704	f	2	789012	2024-01-19 12:37:48.704
300	112	2024-01-19 12:37:48.704	2024-01-19 12:37:48.704	f	3	124152364	2024-01-19 12:37:48.704
301	113	2024-01-19 12:39:17.942	2024-01-19 12:39:17.942	f	1	1000000	2024-01-19 12:39:17.942
302	113	2024-01-19 12:39:17.942	2024-01-19 12:39:17.942	f	2	789012	2024-01-19 12:39:17.942
303	113	2024-01-19 12:39:17.942	2024-01-19 12:39:17.942	f	3	124152364	2024-01-19 12:39:17.942
304	114	2024-01-19 12:39:59.77	2024-01-19 12:39:59.77	f	1	1000000	2024-01-19 12:39:59.77
305	114	2024-01-19 12:39:59.77	2024-01-19 12:39:59.77	f	2	789012	2024-01-19 12:39:59.77
306	114	2024-01-19 12:39:59.77	2024-01-19 12:39:59.77	f	3	124152364	2024-01-19 12:39:59.77
307	115	2024-01-19 12:40:17.855	2024-01-19 12:40:17.855	f	1	1000000	2024-01-19 12:40:17.855
308	115	2024-01-19 12:40:17.855	2024-01-19 12:40:17.855	f	2	789012	2024-01-19 12:40:17.855
309	115	2024-01-19 12:40:17.855	2024-01-19 12:40:17.855	f	3	124152364	2024-01-19 12:40:17.855
310	116	2024-01-19 12:41:10.506	2024-01-19 12:41:10.506	f	1	1000000	2024-01-19 12:41:10.506
311	116	2024-01-19 12:41:10.506	2024-01-19 12:41:10.506	f	2	789012	2024-01-19 12:41:10.506
312	116	2024-01-19 12:41:10.506	2024-01-19 12:41:10.506	f	3	124152364	2024-01-19 12:41:10.506
313	117	2024-01-19 12:42:19.072	2024-01-19 12:42:19.072	f	1	1000000	2024-01-19 12:42:19.072
314	117	2024-01-19 12:42:19.072	2024-01-19 12:42:19.072	f	2	789012	2024-01-19 12:42:19.072
315	117	2024-01-19 12:42:19.072	2024-01-19 12:42:19.072	f	3	124152364	2024-01-19 12:42:19.072
326	121	2024-01-19 13:37:13.486	2024-01-19 13:37:13.486	f	2	789012	2024-01-19 13:37:13.486
327	121	2024-01-19 13:37:13.486	2024-01-19 13:37:13.486	f	3	124152364	2024-01-19 13:37:13.486
319	119	2024-01-19 13:27:22.093	2024-01-19 13:39:46.789	t	1	1000000	2024-01-19 13:39:46.789
322	120	2024-01-19 13:36:12.041	2024-01-19 13:39:47.247	t	1	1000000	2024-01-19 13:39:47.247
284	107	2024-01-19 12:20:27.281	2024-01-19 13:42:23.911	t	2	789012	2024-01-19 13:42:23.911
320	119	2024-01-19 13:27:22.093	2024-01-19 13:42:29.104	t	2	789012	2024-01-19 13:42:29.104
323	120	2024-01-19 13:36:12.041	2024-01-19 13:42:29.618	t	2	789012	2024-01-19 13:42:29.618
321	119	2024-01-19 13:27:22.093	2024-01-19 13:43:06.157	t	3	124152364	2024-01-19 13:43:06.157
324	120	2024-01-19 13:36:12.041	2024-01-19 13:43:06.569	t	3	124152364	2024-01-19 13:43:06.569
328	122	2024-01-19 13:45:36.191	2024-01-19 13:45:36.191	f	1	1000000	2024-01-19 13:45:36.191
329	122	2024-01-19 13:45:36.191	2024-01-19 13:45:36.191	f	2	789012	2024-01-19 13:45:36.191
330	122	2024-01-19 13:45:36.191	2024-01-19 13:45:36.191	f	3	124152364	2024-01-19 13:45:36.191
336	124	2024-01-19 14:07:07.314	2024-01-19 14:07:07.314	f	3	124152364	2024-01-19 14:07:07.314
316	118	2024-01-19 13:18:41.691	2024-01-19 14:09:03.84	t	1	1000000	2024-01-19 14:09:03.84
331	123	2024-01-19 13:47:25.813	2024-01-19 14:09:09.812	t	1	1000000	2024-01-19 14:09:09.812
334	124	2024-01-19 14:07:07.314	2024-01-19 14:09:10.334	t	1	1000000	2024-01-19 14:09:10.334
325	121	2024-01-19 13:37:13.486	2024-01-19 14:09:39.963	t	1	1000000	2024-01-19 14:09:39.963
332	123	2024-01-19 13:47:25.813	2024-01-19 14:14:51.78	t	2	789012	2024-01-19 14:14:51.78
335	124	2024-01-19 14:07:07.314	2024-01-19 14:14:52.292	t	2	789012	2024-01-19 14:14:52.292
293	110	2024-01-19 12:25:56.616	2024-01-19 14:15:13.416	t	2	789012	2024-01-19 14:15:13.416
317	118	2024-01-19 13:18:41.691	2024-01-19 14:15:14.164	t	2	789012	2024-01-19 14:15:14.164
294	110	2024-01-19 12:25:56.616	2024-01-19 14:17:27.758	t	3	124152364	2024-01-19 14:17:27.758
318	118	2024-01-19 13:18:41.691	2024-01-19 14:17:28.016	t	3	124152364	2024-01-19 14:17:28.016
333	123	2024-01-19 13:47:25.813	2024-01-19 14:18:50.283	t	3	124152364	2024-01-19 14:18:50.283
\.


--
-- TOC entry 4309 (class 0 OID 16554)
-- Dependencies: 217
-- Data for Name: Orders; Type: TABLE DATA; Schema: public; Owner: postgres
--

COPY public."Orders" (id, home_order_id, created_at, updated_at) FROM stdin;
79	62477	2024-01-12 14:05:13.04	2024-01-12 14:05:13.04
80	62478	2024-01-12 14:10:42.38	2024-01-12 14:10:42.38
81	62479	2024-01-12 14:12:25.928	2024-01-12 14:12:25.928
84	62483	2024-01-16 20:10:28.071	2024-01-16 20:10:28.071
85	62484	2024-01-16 21:39:53.817	2024-01-16 21:39:53.817
86	62486	2024-01-17 19:05:38.105	2024-01-17 19:05:38.105
87	62487	2024-01-18 13:44:47.504	2024-01-18 13:44:47.504
88	62488	2024-01-18 13:55:31.275	2024-01-18 13:55:31.275
89	62492	2024-01-18 14:58:25.872	2024-01-18 14:58:25.872
82	61936	2024-01-12 14:13:39.742	2024-01-12 14:13:39.742
90	62494	2024-01-18 17:16:27.888	2024-01-18 17:16:27.888
91	62497	2024-01-18 18:37:36.07	2024-01-18 18:37:36.07
83	62481	2024-01-15 13:26:52.657	2024-01-15 13:26:52.657
92	62498	2024-01-18 19:27:08.932	2024-01-18 19:27:08.932
93	62500	2024-01-18 19:36:34.302	2024-01-18 19:36:34.302
94	62501	2024-01-18 19:37:05.889	2024-01-18 19:37:05.889
95	62502	2024-01-18 20:00:51.134	2024-01-18 20:00:51.134
96	62503	2024-01-18 20:10:34.219	2024-01-18 20:10:34.219
97	61937	2024-01-18 21:02:01.454	2024-01-18 21:02:01.454
98	61938	2024-01-18 21:02:40.17	2024-01-18 21:02:40.17
99	61939	2024-01-18 21:22:05.218	2024-01-18 21:22:05.218
100	62504	2024-01-18 23:56:38.242	2024-01-18 23:56:38.242
101	62505	2024-01-19 00:06:00.713	2024-01-19 00:06:00.713
102	62506	2024-01-19 00:17:07.459	2024-01-19 00:17:07.459
104	61977	2024-01-19 11:20:01.934	2024-01-19 11:20:01.934
105	62507	2024-01-19 12:14:56.975	2024-01-19 12:14:56.975
106	62508	2024-01-19 12:15:39.31	2024-01-19 12:15:39.31
107	62510	2024-01-19 12:20:27.281	2024-01-19 12:20:27.281
108	62511	2024-01-19 12:20:49.216	2024-01-19 12:20:49.216
109	62512	2024-01-19 12:25:10.508	2024-01-19 12:25:10.508
110	62513	2024-01-19 12:25:56.616	2024-01-19 12:25:56.616
111	61978	2024-01-19 12:36:58.428	2024-01-19 12:36:58.428
112	61979	2024-01-19 12:37:48.704	2024-01-19 12:37:48.704
113	61980	2024-01-19 12:39:17.942	2024-01-19 12:39:17.942
114	61981	2024-01-19 12:39:59.77	2024-01-19 12:39:59.77
115	61982	2024-01-19 12:40:17.855	2024-01-19 12:40:17.855
116	61983	2024-01-19 12:41:10.506	2024-01-19 12:41:10.506
117	61984	2024-01-19 12:42:19.072	2024-01-19 12:42:19.072
118	62519	2024-01-19 13:18:41.691	2024-01-19 13:18:41.691
119	62520	2024-01-19 13:27:22.093	2024-01-19 13:27:22.093
120	62521	2024-01-19 13:36:12.041	2024-01-19 13:36:12.041
121	62522	2024-01-19 13:37:13.486	2024-01-19 13:37:13.486
122	62523	2024-01-19 13:45:36.191	2024-01-19 13:45:36.191
123	62524	2024-01-19 13:47:25.813	2024-01-19 13:47:25.813
124	62525	2024-01-19 14:07:07.314	2024-01-19 14:07:07.314
\.


--
-- TOC entry 4307 (class 0 OID 16523)
-- Dependencies: 215
-- Data for Name: _prisma_migrations; Type: TABLE DATA; Schema: public; Owner: postgres
--

COPY public._prisma_migrations (id, checksum, finished_at, migration_name, logs, rolled_back_at, started_at, applied_steps_count) FROM stdin;
e852c0b2-c8aa-4808-917a-4b5e3c9a1dae	d8b9a608ceedb4db1055d35cc12c299dc9b70105ede3760f30fbe67662012307	2023-12-16 03:36:02.582083+00	20231206205135_init	\N	\N	2023-12-16 03:36:02.561936+00	1
0771a7a7-8049-465b-95df-9ed01ca25319	ead01ccf3f1a9be305cc99dd4fe57572f974164513bda9d51859cc2edc442092	2023-12-16 03:36:02.610072+00	20231206210041_refact_table_names	\N	\N	2023-12-16 03:36:02.587222+00	1
617f8417-3f30-43f7-87e2-25e95324c950	dc1606e0e30e114ca2dd60a2449c26dbf8b4933790331906574fe2efa5e50f03	2023-12-16 03:36:02.621863+00	20231207150440_set_columns_succession_and_approved	\N	\N	2023-12-16 03:36:02.613257+00	1
1dc2d3f6-a0fb-429e-a4a4-33162e697cc1	05077b04840bd0680ed31a1cea4d468b5d4be8f8ed715dee6921d924297ba426	2023-12-16 03:36:02.633823+00	20231207151739_refact_approver_id_column_name	\N	\N	2023-12-16 03:36:02.624851+00	1
ee24a4b8-71c0-4b43-a033-cce58042d6bd	01a4a2305f16f3bacd822017a795b75a21297dc14fd3a5117ab4d255bfc66d05	2023-12-16 03:36:02.668346+00	20231208140603_refact_type_on_field_home_order_id	\N	\N	2023-12-16 03:36:02.638928+00	1
9c2a3c6d-414c-49be-b83f-fc673944973d	c9734604751aceca8fb0f757b9e1332401c3b5456af3c21e2bc5c4bdc4f664c6	2023-12-18 19:26:44.807608+00	20231215194215_add_approved_at	\N	\N	2023-12-18 19:26:44.79424+00	1
5c0eb783-44c7-4d88-96e4-24e505cb4a0d	de54325a7ec72604fdc150ec66aba1783c1d4cab199edff2d21ff27c278421c8	2023-12-18 19:26:44.824115+00	20231217221025_set_field_home_order_id_is_unique	\N	\N	2023-12-18 19:26:44.811736+00	1
\.


--
-- TOC entry 4319 (class 0 OID 0)
-- Dependencies: 218
-- Name: Approvals_id_seq; Type: SEQUENCE SET; Schema: public; Owner: postgres
--

SELECT pg_catalog.setval('public."Approvals_id_seq"', 336, true);


--
-- TOC entry 4320 (class 0 OID 0)
-- Dependencies: 216
-- Name: Orders_id_seq; Type: SEQUENCE SET; Schema: public; Owner: postgres
--

SELECT pg_catalog.setval('public."Orders_id_seq"', 124, true);


--
-- TOC entry 4162 (class 2606 OID 16568)
-- Name: Approvals Approvals_pkey; Type: CONSTRAINT; Schema: public; Owner: postgres
--

ALTER TABLE ONLY public."Approvals"
    ADD CONSTRAINT "Approvals_pkey" PRIMARY KEY (id);


--
-- TOC entry 4160 (class 2606 OID 16560)
-- Name: Orders Orders_pkey; Type: CONSTRAINT; Schema: public; Owner: postgres
--

ALTER TABLE ONLY public."Orders"
    ADD CONSTRAINT "Orders_pkey" PRIMARY KEY (id);


--
-- TOC entry 4157 (class 2606 OID 16531)
-- Name: _prisma_migrations _prisma_migrations_pkey; Type: CONSTRAINT; Schema: public; Owner: postgres
--

ALTER TABLE ONLY public._prisma_migrations
    ADD CONSTRAINT _prisma_migrations_pkey PRIMARY KEY (id);


--
-- TOC entry 4158 (class 1259 OID 19352)
-- Name: Orders_home_order_id_key; Type: INDEX; Schema: public; Owner: postgres
--

CREATE UNIQUE INDEX "Orders_home_order_id_key" ON public."Orders" USING btree (home_order_id);


--
-- TOC entry 4163 (class 2606 OID 16569)
-- Name: Approvals Approvals_order_id_fkey; Type: FK CONSTRAINT; Schema: public; Owner: postgres
--

ALTER TABLE ONLY public."Approvals"
    ADD CONSTRAINT "Approvals_order_id_fkey" FOREIGN KEY (order_id) REFERENCES public."Orders"(id) ON UPDATE CASCADE ON DELETE RESTRICT;


-- Completed on 2024-07-16 15:46:48 -03

--
-- PostgreSQL database dump complete
--

